code,group,source_filename,source_relative_path,repository_path,sha256,page,section,context,editorial_status,source
P10,pdyot-sucumbios,936075_43193d7aedc54684918e066f899f9040~mv2.jpg,assets/images/936075_43193d7aedc54684918e066f899f9040~mv2.jpg,corporate-v2/src/assets/history/pdyot-sucumbios/p10.jpg,209012a4ffd51f84020bcaa72462a3a927bd9f46eb59ff4a837d5f4f7dd1c6ea,PDyOT Sucumbíos 2023–2038,Informe Nº 0,PHOTO-2024-03-04-18-01-09,PUBLICABLE_CANDIDATE,WIX_HISTORICAL_RECOVERY_2026
P19,pdyot-sucumbios,936075_aaa28a4c85564add92b99532f11d4d5f~mv2.jpg,assets/images/936075_aaa28a4c85564add92b99532f11d4d5f~mv2.jpg,corporate-v2/src/assets/history/pdyot-sucumbios/p19.jpg,3204cda27e7b6cf113a994fd78a5e4a3f665857b4d26973dd3dda09618685419,PDyOT Sucumbíos 2023–2038,Informe Nº 3,Informe Nº 3,PUBLICABLE_CANDIDATE,WIX_HISTORICAL_RECOVERY_2026
P24,pdyot-sucumbios,936075_80a28f778d3a49af856df4b18efc406d~mv2.jpg,assets/images/936075_80a28f778d3a49af856df4b18efc406d~mv2.jpg,corporate-v2/src/assets/history/pdyot-sucumbios/p24.jpg,207ba0411ef94aaa0bb2583067d6e7619e95e0bceb36c2193aeb85bd79844b3c,PDyOT Sucumbíos 2023–2038,Informe Nº 5,Informe Nº 5,PUBLICABLE_CANDIDATE,WIX_HISTORICAL_RECOVERY_2026
D01,dayuma-ines-arango,936075_18b9e2f7fd4842e9aeda8c42dbd15472~mv2.jpeg,assets/images/936075_18b9e2f7fd4842e9aeda8c42dbd15472~mv2.jpeg,corporate-v2/src/assets/history/dayuma-ines-arango/d01.jpeg,c63f8e99860f55f4927ec23ff5c299d9f7e2827991964925d621dd7d197fd074,Dayuma–Inés Arango 2022,Informe Nº 2,Galería bajo «Informe Nº 2»,PUBLICABLE_CANDIDATE,WIX_HISTORICAL_RECOVERY_2026
D19,dayuma-ines-arango,936075_b9062cb405bc4819bd86e39b72447bf8~mv2.jpeg,assets/images/936075_b9062cb405bc4819bd86e39b72447bf8~mv2.jpeg,corporate-v2/src/assets/history/dayuma-ines-arango/d19.jpeg,43e8adc00e6243db49e333e68f4f798af8dff5f9a3f2c59c27f20b913b0d9722,Dayuma–Inés Arango 2022,Informe Nº 5,Galería bajo «Informe Nº 5»,PUBLICABLE_CANDIDATE,WIX_HISTORICAL_RECOVERY_2026
D24,dayuma-ines-arango,936075_592a4c95d5244c1f962ca35e9cf9e2a0~mv2.jpeg,assets/images/936075_592a4c95d5244c1f962ca35e9cf9e2a0~mv2.jpeg,corporate-v2/src/assets/history/dayuma-ines-arango/d24.jpeg,4da2a643b93aa2fcb69dcbd8f21030bfd43ff2fafe94ef7598a77da72a92aadd,Dayuma–Inés Arango 2022,Informe Nº 5,Galería bajo «Informe Nº 5»,PUBLICABLE_CANDIDATE,WIX_HISTORICAL_RECOVERY_2026
E14,emapai-yaku,936075_e6f2a9b4b3814b1e8a6fe2d5d060c896~mv2_d_3264_2448_s_4_2.jpeg,assets/images/936075_e6f2a9b4b3814b1e8a6fe2d5d060c896~mv2_d_3264_2448_s_4_2.jpeg,corporate-v2/src/assets/history/emapai-yaku/e14.jpeg,d620bb82ca4db39f861b3484b91fe423b3bf3e1fb34f4cd93889d4c81fb2a43a,EMAPAI,Informe Nº 7. EMAPA-I,Galería bajo «Informe Nº 7. EMAPA-I»,PUBLICABLE_CANDIDATE,WIX_HISTORICAL_RECOVERY_2026
E35,emapai-yaku,936075_f5777f939ca444b686128fe90d179b77~mv2.jpeg,assets/images/936075_f5777f939ca444b686128fe90d179b77~mv2.jpeg,corporate-v2/src/assets/history/emapai-yaku/e35.jpeg,7f617501336daee73b475b9fe2fe0f1bbc928e1bcf6fcb5165efa2ef66149e2a,EMAPAI,Informe Nº 3. EMAPA-I,Galería bajo «Informe Nº 3. EMAPA-I»,PUBLICABLE_CANDIDATE,WIX_HISTORICAL_RECOVERY_2026
E58,emapai-yaku,936075_79abe59c4cb14fd2ba3468a92bd2cc18~mv2_d_3264_2448_s_4_2.jpeg,assets/images/936075_79abe59c4cb14fd2ba3468a92bd2cc18~mv2_d_3264_2448_s_4_2.jpeg,corporate-v2/src/assets/history/emapai-yaku/e58.jpeg,5b9fd23ff1a31ec35748de9ed73eeebf680821fe9ceda4570edea6bf48677213,YAKU,Informe Nº 1. YAKU,Galería bajo «Informe Nº 1. YAKU»,PUBLICABLE_CANDIDATE,WIX_HISTORICAL_RECOVERY_2026
PI02,pimampiro-sigc,936075_bba30657d9ca459eb17fb16c8549505e~mv2_d_3264_2448_s_4_2.jpg,assets/images/936075_bba30657d9ca459eb17fb16c8549505e~mv2_d_3264_2448_s_4_2.jpg,corporate-v2/src/assets/history/pimampiro-sigc/pi02.jpg,dd94d8f3ad5a856ae59efec0f7d80c792c7b05d331b58fa1ff155ab79edfb3ca,SIGC Pimampiro / JAAPP,Levantamiento:,Galería bajo «Levantamiento:»,PUBLICABLE_CANDIDATE,WIX_HISTORICAL_RECOVERY_2026
PI13,pimampiro-sigc,936075_c596728b906044359ca1e754d29d109c~mv2.jpg,assets/images/936075_c596728b906044359ca1e754d29d109c~mv2.jpg,corporate-v2/src/assets/history/pimampiro-sigc/pi13.jpg,c1f3c85305174f963cf6c9e7b6d3c390f7ce5dffe50a593bcc69e19aa67b63e6,SIGC Pimampiro / JAAPP,Planificación:,Galería bajo «Planificación:»,PUBLICABLE_CANDIDATE,WIX_HISTORICAL_RECOVERY_2026
PI18,pimampiro-sigc,936075_f2eca92ff04c4cfbbed56d3046072a7b~mv2_d_3264_2448_s_4_2.jpg,assets/images/936075_f2eca92ff04c4cfbbed56d3046072a7b~mv2_d_3264_2448_s_4_2.jpg,corporate-v2/src/assets/history/pimampiro-sigc/pi18.jpg,26bd7bf02a62023c7a886424ed4bfe5c4bc6fe3cd26d1e54230c4136e5405956,SIGC Pimampiro / JAAPP,Planificación:,Galería bajo «Planificación:»,PUBLICABLE_CANDIDATE,WIX_HISTORICAL_RECOVERY_2026
G06,gualsaqui-sigdr,936075_5d322271d6df4e7cb4f9056d0082e676~mv2.jpg,assets/images/936075_5d322271d6df4e7cb4f9056d0082e676~mv2.jpg,corporate-v2/src/assets/history/gualsaqui-sigdr/g06.jpg,db8d1bdd30c4ef6fd5418984d116d3d5041277059b2129809d7e99cef4d8d293,SIGDR Gualsaquí,Planificación:,Galería bajo «Planificación:»,PUBLICABLE_CANDIDATE,WIX_HISTORICAL_RECOVERY_2026
G11,gualsaqui-sigdr,936075_0b373ac27bc64a1da95c9f4cc2658639~mv2_d_3264_2448_s_4_2.jpg,assets/images/936075_0b373ac27bc64a1da95c9f4cc2658639~mv2_d_3264_2448_s_4_2.jpg,corporate-v2/src/assets/history/gualsaqui-sigdr/g11.jpg,e5590da7d452141d5d3cf5d36c39674781999c41161686c5ed7631b7a77ed20e,SIGDR Gualsaquí,Levantamiento:,Galería bajo «Levantamiento:»,PUBLICABLE_CANDIDATE,WIX_HISTORICAL_RECOVERY_2026
G14,gualsaqui-sigdr,936075_62c71dfb0a4e4390a14557763a118ac3~mv2_d_3264_2448_s_4_2.jpg,assets/images/936075_62c71dfb0a4e4390a14557763a118ac3~mv2_d_3264_2448_s_4_2.jpg,corporate-v2/src/assets/history/gualsaqui-sigdr/g14.jpg,1951f3e688ff73e2ed3573dfca1210538d01cabfa952de24ad53eb2783e32d60,SIGDR Gualsaquí,Levantamiento:,Galería bajo «Levantamiento:»,PUBLICABLE_CANDIDATE,WIX_HISTORICAL_RECOVERY_2026
V02,vacas-galindo-sigdr,936075_d77714be931c4ad6a40702ee61c61e27~mv2_d_3264_2448_s_4_2.jpg,assets/images/936075_d77714be931c4ad6a40702ee61c61e27~mv2_d_3264_2448_s_4_2.jpg,corporate-v2/src/assets/history/vacas-galindo-sigdr/v02.jpg,b54a1655f58f3bb9851f0e88b41b53160e0d147506374ae57dd258294938e7a2,SIGDR Vacas Galindo,Socialización:,Galería bajo «Socialización:»,PUBLICABLE_CANDIDATE,WIX_HISTORICAL_RECOVERY_2026
V06,vacas-galindo-sigdr,936075_786e82dd349a4271b6f5100ad7098c2f~mv2.jpg,assets/images/936075_786e82dd349a4271b6f5100ad7098c2f~mv2.jpg,corporate-v2/src/assets/history/vacas-galindo-sigdr/v06.jpg,d11198648bd15a5ac1199275a48ad4d7a3c7359854daf096ad8c90d6ea5b8c31,SIGDR Vacas Galindo,Planificación:,Galería bajo «Planificación:»,PUBLICABLE_CANDIDATE,WIX_HISTORICAL_RECOVERY_2026
V14,vacas-galindo-sigdr,936075_2885e522131948aa8a1bb779b1f02ebb~mv2_d_3264_2448_s_4_2.jpg,assets/images/936075_2885e522131948aa8a1bb779b1f02ebb~mv2_d_3264_2448_s_4_2.jpg,corporate-v2/src/assets/history/vacas-galindo-sigdr/v14.jpg,281515c24f6c06f0dfe0fb60e12f5e4f3a7733cbc78141e5247022b8ca11622d,SIGDR Vacas Galindo,Levantamiento:,Galería bajo «Levantamiento:»,PUBLICABLE_CANDIDATE,WIX_HISTORICAL_RECOVERY_2026
OT05,ot-gadps,936075_764a64f2af794586960ee00db9aa5aff~mv2.jpg,assets/images/936075_764a64f2af794586960ee00db9aa5aff~mv2.jpg,corporate-v2/src/assets/history/ot-gadps/ot05.jpg,8de0fec43efa271deb8fe5cde8f55c381b0042bd82716584356aa83d61e143b2,O/T GADPS,Capacitación Cordinación General Administrativa,Galería bajo «Capacitación Cordinación General Administrativa»,PUBLICABLE_CANDIDATE,WIX_HISTORICAL_RECOVERY_2026
OT14,ot-gadps,936075_4b661542853f49f7a8b1d903b8f5e874~mv2.jpg,assets/images/936075_4b661542853f49f7a8b1d903b8f5e874~mv2.jpg,corporate-v2/src/assets/history/ot-gadps/ot14.jpg,5bf2472d7623f5076b09b876f3f49bbcb03c07646bd56d470623fd472240420c,O/T GADPS,Elaboración Plan Operativo Anual - POA - y Plan Anual de Contratación Pública - PAC -,Galería bajo «Elaboración Plan Operativo Anual - POA - y Plan Anual de Contratación Pública - PAC -»,PUBLICABLE_CANDIDATE,WIX_HISTORICAL_RECOVERY_2026
OT19,ot-gadps,936075_f20c3faee6da44c3af4ec4ee6ceb3c30~mv2.jpeg,assets/images/936075_f20c3faee6da44c3af4ec4ee6ceb3c30~mv2.jpeg,corporate-v2/src/assets/history/ot-gadps/ot19.jpeg,77b7ea9601322d0f72f9477210c75d72238371d9fc173e5ed5d5d5db1b9de724,Descarga O/T,Planificación Estratégica*,G_MP_I_2020.001.jpeg,PUBLICABLE_CANDIDATE,WIX_HISTORICAL_RECOVERY_2026
